Workbook

Sheet Instructions
A1: Literature Extraction: MSc Project (VIP)
A2: Use this sheet to pull the same information out of every paper you read. It becomes the backbone of your Literature Review (IPR criterion 1, FPR chapter 3).
A4: How to use it
A5: 1. Add one row per source on the 'Extraction' sheet. Fill the columns as you read. Short notes are fine.
A6: 2. Use the same Citation key as in refs.bib (e.g. nicol2006formative), so you can cite it straight away in Overleaf.
A7: 3. Record numbers in 'Key results' (e.g. accuracy 0.91 on dataset X). You will compare them in your report.
A8: 4. Be critical: always fill 'Limitations / gaps'. Gaps are where your project fits.
A9: 5. On the 'Synthesis' sheet, tick the themes each paper covers. This shows patterns and gaps across papers.
A10: 6. On 'Gaps & RQ', write the gap you found and how your research question addresses it.
A11: 7. VIP: commit this file after each reading session, e.g. LIT: added 3 papers on federated learning
A13: Good sources
A14: Prefer peer-reviewed journals and well-known conferences (Nature,IEEE, ACM, Springer, Elsevier Plos, Oxford University Press, Cambridge University Press, MIT Press, Association for Computing Machinery (ACM), Sage, Taylor & Francis, Wiley, Mdpi, Frontiers). Check the DOI. Use preprints and web pages carefully.
... A16: 5 = top journal/conference, clear method, strong evidence · 3 = acceptable, some weaknesses · 1 = weak or unclear evidence.

Sheet Extraction
A1: ID | B1: Citation key (refs.bib) | C1: Authors | D1: Year | E1: Title | F1: Venue (journal / conference) | G1: Source type | H1: Peer reviewed? | I1: DOI / URL | J1: Research question / aim | K1: Method / approach | L1: Dataset / participants | M1: Evaluation metrics | N1: Key results (with numbers) | O1: Strengths | P1: Limitations / gaps | Q1: Relevance to my RQ | R1: Use in report section | S1: Quality score (1-5) | T1: My notes / quotes (with page) | U1: Date read | V1: In refs.bib?
A2: 1
A3: 2
A4: 3
A5: 4
A6: 5
A7: 6
A8: 7
A9: 8
A10: 9
A11: 10
A12: 11
A13: 12
... A21: 20

Sheet Synthesis
A1: Synthesis matrix: which papers cover which themes?
A2: Rename the theme headings to fit your topic (e.g. 'Uses transfer learning', 'Real-time', 'Public dataset'). Put x where a paper covers a theme. Empty columns show gaps.
A4: ID | B4: Citation key | C4: Year | D4: Theme 1 | E4: Theme 2 | F4: Theme 3 | G4: Theme 4 | H4: Theme 5 | I4: Theme 6 | J4: Comment
A5: =IF(Extraction!#REF!="","",Extraction!#REF!) -> #REF! | B5: =IF(Extraction!#REF!="","",Extraction!#REF!) -> #REF! | C5: =IF(Extraction!#REF!="","",Extraction!#REF!) -> #REF!
A6: =IF(Extraction!B2="","",Extraction!A2) | B6: =IF(Extraction!B2="","",Extraction!B2) | C6: =IF(Extraction!B2="","",Extraction!D2)
A7: =IF(Extraction!B3="","",Extraction!A3) | B7: =IF(Extraction!B3="","",Extraction!B3) | C7: =IF(Extraction!B3="","",Extraction!D3)
A8: =IF(Extraction!B4="","",Extraction!A4) | B8: =IF(Extraction!B4="","",Extraction!B4) | C8: =IF(Extraction!B4="","",Extraction!D4)
A9: =IF(Extraction!B5="","",Extraction!A5) | B9: =IF(Extraction!B5="","",Extraction!B5) | C9: =IF(Extraction!B5="","",Extraction!D5)
A10: =IF(Extraction!B6="","",Extraction!A6) | B10: =IF(Extraction!B6="","",Extraction!B6) | C10: =IF(Extraction!B6="","",Extraction!D6)
A11: =IF(Extraction!B7="","",Extraction!A7) | B11: =IF(Extraction!B7="","",Extraction!B7) | C11: =IF(Extraction!B7="","",Extraction!D7)
A12: =IF(Extraction!B8="","",Extraction!A8) | B12: =IF(Extraction!B8="","",Extraction!B8) | C12: =IF(Extraction!B8="","",Extraction!D8)
A13: =IF(Extraction!B9="","",Extraction!A9) | B13: =IF(Extraction!B9="","",Extraction!B9) | C13: =IF(Extraction!B9="","",Extraction!D9)
A14: =IF(Extraction!B10="","",Extraction!A10) | B14: =IF(Extraction!B10="","",Extraction!B10) | C14: =IF(Extraction!B10="","",Extraction!D10)
A15: =IF(Extraction!B11="","",Extraction!A11) | B15: =IF(Extraction!B11="","",Extraction!B11) | C15: =IF(Extraction!B11="","",Extraction!D11)
A16: =IF(Extraction!B12="","",Extraction!A12) | B16: =IF(Extraction!B12="","",Extraction!B12) | C16: =IF(Extraction!B12="","",Extraction!D12)
A17: =IF(Extraction!B13="","",Extraction!A13) | B17: =IF(Extraction!B13="","",Extraction!B13) | C17: =IF(Extraction!B13="","",Extraction!D13)
... A104: =IF(Extraction!B100="","",Extraction!A100) | B104: =IF(Extraction!B100="","",Extraction!B100) | C104: =IF(Extraction!B100="","",Extraction!D100)
B105: Papers per theme | D105: =COUNTIF(D5:D104,"x") -> 0 | E105: =COUNTIF(E5:E104,"x") -> 0 | F105: =COUNTIF(F5:F104,"x") -> 0 | G105: =COUNTIF(G5:G104,"x") -> 0 | H105: =COUNTIF(H5:H104,"x") -> 0 | I105: =COUNTIF(I5:I104,"x") -> 0

Sheet Gaps & RQ
A1: From literature to your research question
A3: Main gaps found in the literature (with citation keys)
A4: Which gap will my project address?
A5: My main research question
A6: Sub-questions
A7: Objectives (specific and measurable)
A8: How my project builds on or differs from the closest papers
A9: Methods I will reuse from the literature, and why
